case_id,reviewer_id,expected_status,expected_proof_level,reason_category,severity,next_action,requires_company_input,required_evidence_ids,journal_behavior,rationale,review_seconds
PR-001,,,,,,,,,,,
PR-002,,,,,,,,,,,
PR-003,,,,,,,,,,,
PR-004,,,,,,,,,,,
PR-005,,,,,,,,,,,
PR-006,,,,,,,,,,,
PR-007,,,,,,,,,,,
PR-008,,,,,,,,,,,
PR-009,,,,,,,,,,,
PR-010,,,,,,,,,,,
PR-011,,,,,,,,,,,
PR-012,,,,,,,,,,,
PR-013,,,,,,,,,,,
PR-014,,,,,,,,,,,
PR-015,,,,,,,,,,,
PR-016,,,,,,,,,,,
PR-017,,,,,,,,,,,
PR-018,,,,,,,,,,,
PR-019,,,,,,,,,,,
PR-020,,,,,,,,,,,
PR-021,,,,,,,,,,,
PR-022,,,,,,,,,,,
PR-023,,,,,,,,,,,
PR-024,,,,,,,,,,,
PR-025,,,,,,,,,,,
